<?xml version='1.0'?>
<schema>
	<tables>
		<table>
			<name>ottocrat_customerportal_tabs</name>
			<sql><![CDATA[CREATE TABLE `ottocrat_customerportal_tabs` (
  `tabid` int(19) NOT NULL,
  `visible` int(1) default '1',
  `sequence` int(1) default NULL,
  PRIMARY KEY  (`tabid`)
)]]></sql>
		</table>
		<table>
			<name>ottocrat_customerportal_fields</name>
			<sql><![CDATA[CREATE TABLE `ottocrat_customerportal_fields` (
  `tabid` int(19) NOT NULL,
  `fieldid` int(19) default NULL,
  `visible` int(1) default NULL
)]]></sql>
		</table>
		<table>
			<name>ottocrat_customerportal_prefs</name>
			<sql><![CDATA[CREATE TABLE `ottocrat_customerportal_prefs` (
  `tabid` int(11) NOT NULL,
  `prefkey` varchar(100) default NULL,
  `prefvalue` int(20) default NULL
)]]></sql>
		</table>
	</tables>
</schema>
