<?xml version='1.0'?>
<schema>
	<tables>
		<table>
			<name>ottocrat_emailtemplates</name>
			<sql><![CDATA[CREATE TABLE `ottocrat_emailtemplates` (
					`foldername` varchar(100) DEFAULT NULL,
					`templatename` varchar(100) DEFAULT NULL,
					`subject` varchar(100) DEFAULT NULL,
					`description` text,
					`body` text,
					`deleted` int(1) NOT NULL DEFAULT '0',
					`templateid` int(19) NOT NULL AUTO_INCREMENT,
					PRIMARY KEY (`templateid`),
					KEY `emailtemplates_foldernamd_templatename_subject_idx` (`foldername`,`templatename`,`subject`
				) ENGINE=InnoDB AUTO_INCREMENT=1 DEFAULT CHARSET=utf8
            ]]></sql>
		</table>
		<table>
			<name>ottocrat_emailtemplates_seq</name>
			<sql><![CDATA[CREATE TABLE  `ottocrat_emailtemplates_seq` (
					`id` int(11) NOT NULL
					) ENGINE=InnoDB DEFAULT CHARSET=utf8
			]]></sql>
		</table>
	</tables>
</schema>
